odocrypt_gpio_wrapper_inst.g_miner[0].miner_top_inst.miner.worker.crypt.crypter.round12.mid[1][270]	RAMB18_X5Y19/DOPBDOP0	SLICE_X89Y151/D2
odocrypt_gpio_wrapper_inst.g_miner[0].miner_top_inst.miner.worker.crypt.crypter.round14.mid[1][157]	RAMB18_X2Y4/DOADO7	SLICE_X42Y159/C4
odocrypt_gpio_wrapper_inst.g_miner[0].miner_top_inst.miner.worker.crypt.crypter.round14.mid[1][295]	RAMB18_X1Y4/DOBDO1	SLICE_X42Y154/C4
odocrypt_gpio_wrapper_inst.g_miner[0].miner_top_inst.miner.worker.crypt.crypter.round14.mid[1][43]	RAMB18_X1Y22/DOBDO5	SLICE_X42Y154/C2
odocrypt_gpio_wrapper_inst.g_miner[0].miner_top_inst.miner.worker.crypt.crypter.round14.mid[1][520]	RAMB18_X1Y17/DOBDO2	SLICE_X44Y147/C5
odocrypt_gpio_wrapper_inst.g_miner[0].miner_top_inst.miner.worker.crypt.crypter.round14.mid[1][558]	RAMB18_X1Y35/DOPBDOP0	SLICE_X45Y159/B2
odocrypt_gpio_wrapper_inst.g_miner[0].miner_top_inst.miner.worker.crypt.crypter.round15.mid[1][108]	RAMB18_X2Y42/DOBDO6	SLICE_X36Y171/D3
odocrypt_gpio_wrapper_inst.g_miner[0].miner_top_inst.miner.worker.crypt.crypter.round15.mid[1][10]	RAMB18_X1Y20/DOBDO4	SLICE_X40Y153/D3
odocrypt_gpio_wrapper_inst.g_miner[0].miner_top_inst.miner.worker.crypt.crypter.round15.mid[1][10]	RAMB18_X1Y20/DOBDO4	SLICE_X41Y153/C2
odocrypt_gpio_wrapper_inst.g_miner[0].miner_top_inst.miner.worker.crypt.crypter.round15.mid[1][136]	RAMB18_X1Y29/DOBDO2	SLICE_X23Y164/C6
odocrypt_gpio_wrapper_inst.g_miner[0].miner_top_inst.miner.worker.crypt.crypter.round15.mid[1][136]	RAMB18_X1Y29/DOBDO2	SLICE_X37Y155/B2
odocrypt_gpio_wrapper_inst.g_miner[0].miner_top_inst.miner.worker.crypt.crypter.round15.mid[1][138]	RAMB18_X1Y29/DOBDO4	SLICE_X39Y165/B5
odocrypt_gpio_wrapper_inst.g_miner[0].miner_top_inst.miner.worker.crypt.crypter.round15.mid[1][142]	RAMB18_X1Y29/DOPBDOP0	SLICE_X40Y152/C1
odocrypt_gpio_wrapper_inst.g_miner[0].miner_top_inst.miner.worker.crypt.crypter.round15.mid[1][206]	RAMB18_X1Y24/DOPBDOP0	SLICE_X40Y152/A4
odocrypt_gpio_wrapper_inst.g_miner[0].miner_top_inst.miner.worker.crypt.crypter.round15.mid[1][206]	RAMB18_X1Y24/DOPBDOP0	SLICE_X41Y152/B2
odocrypt_gpio_wrapper_inst.g_miner[0].miner_top_inst.miner.worker.crypt.crypter.round15.mid[1][236]	RAMB18_X1Y30/DOBDO6	SLICE_X21Y151/D5
odocrypt_gpio_wrapper_inst.g_miner[0].miner_top_inst.miner.worker.crypt.crypter.round15.mid[1][252]	RAMB18_X1Y30/DOADO6	SLICE_X37Y157/D3
odocrypt_gpio_wrapper_inst.g_miner[0].miner_top_inst.miner.worker.crypt.crypter.round15.mid[1][281]	RAMB18_X2Y38/DOADO3	SLICE_X36Y155/B4
odocrypt_gpio_wrapper_inst.g_miner[0].miner_top_inst.miner.worker.crypt.crypter.round15.mid[1][299]	RAMB18_X1Y18/DOBDO5	SLICE_X36Y151/B6
odocrypt_gpio_wrapper_inst.g_miner[0].miner_top_inst.miner.worker.crypt.crypter.round15.mid[1][299]	RAMB18_X1Y18/DOBDO5	SLICE_X36Y157/D4
odocrypt_gpio_wrapper_inst.g_miner[0].miner_top_inst.miner.worker.crypt.crypter.round15.mid[1][299]	RAMB18_X1Y18/DOBDO5	SLICE_X37Y151/B5
odocrypt_gpio_wrapper_inst.g_miner[0].miner_top_inst.miner.worker.crypt.crypter.round15.mid[1][299]	RAMB18_X1Y18/DOBDO5	SLICE_X37Y157/A3
odocrypt_gpio_wrapper_inst.g_miner[0].miner_top_inst.miner.worker.crypt.crypter.round15.mid[1][299]	RAMB18_X1Y18/DOBDO5	SLICE_X37Y157/D6
odocrypt_gpio_wrapper_inst.g_miner[0].miner_top_inst.miner.worker.crypt.crypter.round15.mid[1][29]	RAMB18_X1Y20/DOADO7	SLICE_X39Y167/C2
odocrypt_gpio_wrapper_inst.g_miner[0].miner_top_inst.miner.worker.crypt.crypter.round15.mid[1][303]	RAMB18_X1Y18/DOBDO8	SLICE_X37Y157/C6
odocrypt_gpio_wrapper_inst.g_miner[0].miner_top_inst.miner.worker.crypt.crypter.round15.mid[1][303]	RAMB18_X1Y18/DOBDO8	SLICE_X39Y160/D4
odocrypt_gpio_wrapper_inst.g_miner[0].miner_top_inst.miner.worker.crypt.crypter.round15.mid[1][315]	RAMB18_X1Y18/DOADO5	SLICE_X36Y156/B6
odocrypt_gpio_wrapper_inst.g_miner[0].miner_top_inst.miner.worker.crypt.crypter.round15.mid[1][315]	RAMB18_X1Y18/DOADO5	SLICE_X37Y156/B1
odocrypt_gpio_wrapper_inst.g_miner[0].miner_top_inst.miner.worker.crypt.crypter.round15.mid[1][315]	RAMB18_X1Y18/DOADO5	SLICE_X38Y154/B6
odocrypt_gpio_wrapper_inst.g_miner[0].miner_top_inst.miner.worker.crypt.crypter.round15.mid[1][315]	RAMB18_X1Y18/DOADO5	SLICE_X39Y154/A6
odocrypt_gpio_wrapper_inst.g_miner[0].miner_top_inst.miner.worker.crypt.crypter.round15.mid[1][331]	RAMB18_X1Y12/DOBDO5	SLICE_X37Y158/A6
odocrypt_gpio_wrapper_inst.g_miner[0].miner_top_inst.miner.worker.crypt.crypter.round15.mid[1][334]	RAMB18_X1Y12/DOPBDOP0	SLICE_X36Y167/D6
odocrypt_gpio_wrapper_inst.g_miner[0].miner_top_inst.miner.worker.crypt.crypter.round15.mid[1][344]	RAMB18_X1Y12/DOADO2	SLICE_X22Y164/D3
odocrypt_gpio_wrapper_inst.g_miner[0].miner_top_inst.miner.worker.crypt.crypter.round15.mid[1][344]	RAMB18_X1Y12/DOADO2	SLICE_X23Y164/C1
odocrypt_gpio_wrapper_inst.g_miner[0].miner_top_inst.miner.worker.crypt.crypter.round15.mid[1][348]	RAMB18_X1Y12/DOADO6	SLICE_X36Y149/D2
odocrypt_gpio_wrapper_inst.g_miner[0].miner_top_inst.miner.worker.crypt.crypter.round15.mid[1][350]	RAMB18_X1Y12/DOPADOP0	SLICE_X41Y152/B5
odocrypt_gpio_wrapper_inst.g_miner[0].miner_top_inst.miner.worker.crypt.crypter.round15.mid[1][395]	RAMB18_X2Y40/DOBDO5	SLICE_X37Y154/D6
odocrypt_gpio_wrapper_inst.g_miner[0].miner_top_inst.miner.worker.crypt.crypter.round15.mid[1][447]	RAMB18_X2Y44/DOADO8	SLICE_X38Y155/D6
odocrypt_gpio_wrapper_inst.g_miner[0].miner_top_inst.miner.worker.crypt.crypter.round15.mid[1][459]	RAMB18_X1Y32/DOBDO5	SLICE_X36Y152/C6
odocrypt_gpio_wrapper_inst.g_miner[0].miner_top_inst.miner.worker.crypt.crypter.round15.mid[1][459]	RAMB18_X1Y32/DOBDO5	SLICE_X36Y152/D3
odocrypt_gpio_wrapper_inst.g_miner[0].miner_top_inst.miner.worker.crypt.crypter.round15.mid[1][472]	RAMB18_X1Y32/DOADO2	SLICE_X41Y159/D2
odocrypt_gpio_wrapper_inst.g_miner[0].miner_top_inst.miner.worker.crypt.crypter.round15.mid[1][475]	RAMB18_X1Y32/DOADO5	SLICE_X41Y155/D4
odocrypt_gpio_wrapper_inst.g_miner[0].miner_top_inst.miner.worker.crypt.crypter.round15.mid[1][479]	RAMB18_X1Y32/DOADO8	SLICE_X23Y157/A2
odocrypt_gpio_wrapper_inst.g_miner[0].miner_top_inst.miner.worker.crypt.crypter.round15.mid[1][479]	RAMB18_X1Y32/DOADO8	SLICE_X36Y152/C3
odocrypt_gpio_wrapper_inst.g_miner[0].miner_top_inst.miner.worker.crypt.crypter.round15.mid[1][486]	RAMB18_X1Y16/DOBDO0	SLICE_X38Y157/D2
odocrypt_gpio_wrapper_inst.g_miner[0].miner_top_inst.miner.worker.crypt.crypter.round15.mid[1][492]	RAMB18_X1Y16/DOBDO6	SLICE_X36Y154/D4
odocrypt_gpio_wrapper_inst.g_miner[0].miner_top_inst.miner.worker.crypt.crypter.round15.mid[1][492]	RAMB18_X1Y16/DOBDO6	SLICE_X36Y160/D5
odocrypt_gpio_wrapper_inst.g_miner[0].miner_top_inst.miner.worker.crypt.crypter.round15.mid[1][492]	RAMB18_X1Y16/DOBDO6	SLICE_X37Y154/D3
odocrypt_gpio_wrapper_inst.g_miner[0].miner_top_inst.miner.worker.crypt.crypter.round15.mid[1][505]	RAMB18_X1Y16/DOADO3	SLICE_X39Y165/B4
odocrypt_gpio_wrapper_inst.g_miner[0].miner_top_inst.miner.worker.crypt.crypter.round15.mid[1][507]	RAMB18_X1Y16/DOADO5	SLICE_X39Y157/C2
odocrypt_gpio_wrapper_inst.g_miner[0].miner_top_inst.miner.worker.crypt.crypter.round15.mid[1][510]	RAMB18_X1Y16/DOPADOP0	SLICE_X38Y152/A6
odocrypt_gpio_wrapper_inst.g_miner[0].miner_top_inst.miner.worker.crypt.crypter.round15.mid[1][510]	RAMB18_X1Y16/DOPADOP0	SLICE_X40Y152/C6
odocrypt_gpio_wrapper_inst.g_miner[0].miner_top_inst.miner.worker.crypt.crypter.round15.mid[1][510]	RAMB18_X1Y16/DOPADOP0	SLICE_X41Y152/C5
odocrypt_gpio_wrapper_inst.g_miner[0].miner_top_inst.miner.worker.crypt.crypter.round15.mid[1][511]	RAMB18_X1Y16/DOADO8	SLICE_X36Y149/B2
odocrypt_gpio_wrapper_inst.g_miner[0].miner_top_inst.miner.worker.crypt.crypter.round15.mid[1][519]	RAMB18_X1Y23/DOBDO1	SLICE_X22Y174/D1
odocrypt_gpio_wrapper_inst.g_miner[0].miner_top_inst.miner.worker.crypt.crypter.round15.mid[1][519]	RAMB18_X1Y23/DOBDO1	SLICE_X39Y173/A4
odocrypt_gpio_wrapper_inst.g_miner[0].miner_top_inst.miner.worker.crypt.crypter.round15.mid[1][525]	RAMB18_X1Y23/DOBDO7	SLICE_X37Y167/C3
odocrypt_gpio_wrapper_inst.g_miner[0].miner_top_inst.miner.worker.crypt.crypter.round15.mid[1][535]	RAMB18_X1Y23/DOADO1	SLICE_X38Y173/D4
odocrypt_gpio_wrapper_inst.g_miner[0].miner_top_inst.miner.worker.crypt.crypter.round15.mid[1][554]	RAMB18_X1Y11/DOBDO4	SLICE_X23Y167/A3
odocrypt_gpio_wrapper_inst.g_miner[0].miner_top_inst.miner.worker.crypt.crypter.round15.mid[1][554]	RAMB18_X1Y11/DOBDO4	SLICE_X23Y167/B5
odocrypt_gpio_wrapper_inst.g_miner[0].miner_top_inst.miner.worker.crypt.crypter.round15.mid[1][555]	RAMB18_X1Y11/DOBDO5	SLICE_X21Y163/B2
odocrypt_gpio_wrapper_inst.g_miner[0].miner_top_inst.miner.worker.crypt.crypter.round15.mid[1][614]	RAMB18_X1Y27/DOBDO0	SLICE_X37Y152/D1
odocrypt_gpio_wrapper_inst.g_miner[0].miner_top_inst.miner.worker.crypt.crypter.round15.mid[1][614]	RAMB18_X1Y27/DOBDO0	SLICE_X40Y153/D4
odocrypt_gpio_wrapper_inst.g_miner[0].miner_top_inst.miner.worker.crypt.crypter.round15.mid[1][622]	RAMB18_X1Y27/DOPBDOP0	SLICE_X36Y164/C6
odocrypt_gpio_wrapper_inst.g_miner[0].miner_top_inst.miner.worker.crypt.crypter.round15.mid[1][636]	RAMB18_X1Y27/DOADO6	SLICE_X36Y157/D2
odocrypt_gpio_wrapper_inst.g_miner[0].miner_top_inst.miner.worker.crypt.crypter.round15.mid[1][639]	RAMB18_X1Y27/DOADO8	SLICE_X39Y155/B2
odocrypt_gpio_wrapper_inst.g_miner[0].miner_top_inst.miner.worker.crypt.crypter.round15.mid[1][76]	RAMB18_X1Y15/DOBDO6	SLICE_X36Y150/D4
odocrypt_gpio_wrapper_inst.g_miner[0].miner_top_inst.miner.worker.crypt.crypter.round15.mid[1][76]	RAMB18_X1Y15/DOBDO6	SLICE_X36Y151/B5
odocrypt_gpio_wrapper_inst.g_miner[0].miner_top_inst.miner.worker.crypt.crypter.round15.mid[1][7]	RAMB18_X1Y20/DOBDO1	SLICE_X37Y155/A2
odocrypt_gpio_wrapper_inst.g_miner[0].miner_top_inst.miner.worker.crypt.crypter.round15.mid[1][87]	RAMB18_X1Y15/DOADO1	SLICE_X37Y157/D1
odocrypt_gpio_wrapper_inst.g_miner[0].miner_top_inst.miner.worker.crypt.crypter.round15.mid[1][92]	RAMB18_X1Y15/DOADO6	SLICE_X23Y156/B5
odocrypt_gpio_wrapper_inst.g_miner[0].miner_top_inst.miner.worker.crypt.crypter.round17.mid[1][13]	RAMB18_X0Y91/DOBDO7	SLICE_X12Y150/A3
odocrypt_gpio_wrapper_inst.g_miner[0].miner_top_inst.miner.worker.crypt.crypter.round17.mid[1][342]	RAMB18_X0Y89/DOADO0	SLICE_X17Y159/A4
odocrypt_gpio_wrapper_inst.g_miner[0].miner_top_inst.miner.worker.crypt.crypter.round17.mid[1][359]	RAMB18_X0Y97/DOBDO1	SLICE_X13Y160/A4
odocrypt_gpio_wrapper_inst.g_miner[0].miner_top_inst.miner.worker.crypt.crypter.round17.mid[1][430]	RAMB18_X0Y79/DOPBDOP0	SLICE_X16Y163/C4
odocrypt_gpio_wrapper_inst.g_miner[0].miner_top_inst.miner.worker.crypt.crypter.round17.mid[1][551]	RAMB18_X0Y94/DOBDO1	SLICE_X15Y156/D2
odocrypt_gpio_wrapper_inst.g_miner[0].miner_top_inst.miner.worker.crypt.crypter.round17.mid[1][553]	RAMB18_X0Y94/DOBDO3	SLICE_X16Y168/D6
odocrypt_gpio_wrapper_inst.g_miner[0].miner_top_inst.miner.worker.crypt.crypter.round17.mid[1][555]	RAMB18_X0Y94/DOBDO5	SLICE_X16Y162/D3
odocrypt_gpio_wrapper_inst.g_miner[0].miner_top_inst.miner.worker.crypt.crypter.round18.mid[1][134]	RAMB18_X1Y38/DOBDO0	SLICE_X11Y156/A4
odocrypt_gpio_wrapper_inst.g_miner[0].miner_top_inst.miner.worker.crypt.crypter.round18.mid[1][138]	RAMB18_X1Y38/DOBDO4	SLICE_X7Y163/C3
odocrypt_gpio_wrapper_inst.g_miner[0].miner_top_inst.miner.worker.crypt.crypter.round18.mid[1][190]	RAMB18_X1Y42/DOPADOP0	SLICE_X4Y166/B3
odocrypt_gpio_wrapper_inst.g_miner[0].miner_top_inst.miner.worker.crypt.crypter.round18.mid[1][235]	RAMB18_X1Y46/DOBDO5	SLICE_X11Y166/C1
odocrypt_gpio_wrapper_inst.g_miner[0].miner_top_inst.miner.worker.crypt.crypter.round18.mid[1][235]	RAMB18_X1Y46/DOBDO5	SLICE_X6Y169/B4
odocrypt_gpio_wrapper_inst.g_miner[0].miner_top_inst.miner.worker.crypt.crypter.round18.mid[1][238]	RAMB18_X1Y46/DOPBDOP0	SLICE_X12Y160/C4
odocrypt_gpio_wrapper_inst.g_miner[0].miner_top_inst.miner.worker.crypt.crypter.round18.mid[1][23]	RAMB18_X0Y12/DOADO1	SLICE_X7Y157/A4
odocrypt_gpio_wrapper_inst.g_miner[0].miner_top_inst.miner.worker.crypt.crypter.round18.mid[1][23]	RAMB18_X0Y12/DOADO1	SLICE_X7Y157/C3
odocrypt_gpio_wrapper_inst.g_miner[0].miner_top_inst.miner.worker.crypt.crypter.round18.mid[1][249]	RAMB18_X1Y46/DOADO3	SLICE_X6Y168/B3
odocrypt_gpio_wrapper_inst.g_miner[0].miner_top_inst.miner.worker.crypt.crypter.round18.mid[1][267]	RAMB18_X0Y7/DOBDO5	SLICE_X4Y168/B4
odocrypt_gpio_wrapper_inst.g_miner[0].miner_top_inst.miner.worker.crypt.crypter.round18.mid[1][285]	RAMB18_X0Y7/DOADO7	SLICE_X10Y166/D5
odocrypt_gpio_wrapper_inst.g_miner[0].miner_top_inst.miner.worker.crypt.crypter.round18.mid[1][366]	RAMB18_X0Y0/DOPBDOP0	SLICE_X10Y169/D1
odocrypt_gpio_wrapper_inst.g_miner[0].miner_top_inst.miner.worker.crypt.crypter.round18.mid[1][366]	RAMB18_X0Y0/DOPBDOP0	SLICE_X10Y170/C6
odocrypt_gpio_wrapper_inst.g_miner[0].miner_top_inst.miner.worker.crypt.crypter.round18.mid[1][366]	RAMB18_X0Y0/DOPBDOP0	SLICE_X12Y171/B5
odocrypt_gpio_wrapper_inst.g_miner[0].miner_top_inst.miner.worker.crypt.crypter.round18.mid[1][366]	RAMB18_X0Y0/DOPBDOP0	SLICE_X8Y174/D6
odocrypt_gpio_wrapper_inst.g_miner[0].miner_top_inst.miner.worker.crypt.crypter.round18.mid[1][377]	RAMB18_X0Y0/DOADO3	SLICE_X7Y159/C1
odocrypt_gpio_wrapper_inst.g_miner[0].miner_top_inst.miner.worker.crypt.crypter.round18.mid[1][428]	RAMB18_X0Y11/DOBDO6	SLICE_X7Y172/B5
odocrypt_gpio_wrapper_inst.g_miner[0].miner_top_inst.miner.worker.crypt.crypter.round18.mid[1][429]	RAMB18_X0Y11/DOBDO7	SLICE_X11Y155/D4
odocrypt_gpio_wrapper_inst.g_miner[0].miner_top_inst.miner.worker.crypt.crypter.round18.mid[1][43]	RAMB18_X0Y25/DOBDO5	SLICE_X12Y165/B2
odocrypt_gpio_wrapper_inst.g_miner[0].miner_top_inst.miner.worker.crypt.crypter.round18.mid[1][444]	RAMB18_X0Y11/DOADO6	SLICE_X8Y164/B6
odocrypt_gpio_wrapper_inst.g_miner[0].miner_top_inst.miner.worker.crypt.crypter.round18.mid[1][455]	RAMB18_X0Y17/DOBDO1	SLICE_X6Y172/C3
odocrypt_gpio_wrapper_inst.g_miner[0].miner_top_inst.miner.worker.crypt.crypter.round18.mid[1][459]	RAMB18_X0Y17/DOBDO5	SLICE_X4Y167/D5
odocrypt_gpio_wrapper_inst.g_miner[0].miner_top_inst.miner.worker.crypt.crypter.round18.mid[1][459]	RAMB18_X0Y17/DOBDO5	SLICE_X5Y167/B3
odocrypt_gpio_wrapper_inst.g_miner[0].miner_top_inst.miner.worker.crypt.crypter.round18.mid[1][462]	RAMB18_X0Y17/DOPBDOP0	SLICE_X11Y164/A4
odocrypt_gpio_wrapper_inst.g_miner[0].miner_top_inst.miner.worker.crypt.crypter.round18.mid[1][476]	RAMB18_X0Y17/DOADO6	SLICE_X11Y161/D1
odocrypt_gpio_wrapper_inst.g_miner[0].miner_top_inst.miner.worker.crypt.crypter.round18.mid[1][47]	RAMB18_X0Y25/DOBDO8	SLICE_X7Y171/C6
odocrypt_gpio_wrapper_inst.g_miner[0].miner_top_inst.miner.worker.crypt.crypter.round18.mid[1][526]	RAMB18_X1Y48/DOPBDOP0	SLICE_X11Y162/A5
odocrypt_gpio_wrapper_inst.g_miner[0].miner_top_inst.miner.worker.crypt.crypter.round18.mid[1][539]	RAMB18_X1Y48/DOADO5	SLICE_X2Y165/B6
odocrypt_gpio_wrapper_inst.g_miner[0].miner_top_inst.miner.worker.crypt.crypter.round18.mid[1][543]	RAMB18_X1Y48/DOADO8	SLICE_X9Y164/D5
odocrypt_gpio_wrapper_inst.g_miner[0].miner_top_inst.miner.worker.crypt.crypter.round18.mid[1][600]	RAMB18_X1Y37/DOADO2	SLICE_X5Y176/A2
odocrypt_gpio_wrapper_inst.g_miner[0].miner_top_inst.miner.worker.crypt.crypter.round18.mid[1][600]	RAMB18_X1Y37/DOADO2	SLICE_X6Y173/C4
odocrypt_gpio_wrapper_inst.g_miner[0].miner_top_inst.miner.worker.crypt.crypter.round18.mid[1][600]	RAMB18_X1Y37/DOADO2	SLICE_X6Y176/B4
odocrypt_gpio_wrapper_inst.g_miner[0].miner_top_inst.miner.worker.crypt.crypter.round18.mid[1][600]	RAMB18_X1Y37/DOADO2	SLICE_X7Y160/A2
odocrypt_gpio_wrapper_inst.g_miner[0].miner_top_inst.miner.worker.crypt.crypter.round18.mid[1][615]	RAMB18_X0Y26/DOBDO1	SLICE_X11Y162/B6
odocrypt_gpio_wrapper_inst.g_miner[0].miner_top_inst.miner.worker.crypt.crypter.round18.mid[1][615]	RAMB18_X0Y26/DOBDO1	SLICE_X11Y163/A5
odocrypt_gpio_wrapper_inst.g_miner[0].miner_top_inst.miner.worker.crypt.crypter.round18.mid[1][615]	RAMB18_X0Y26/DOBDO1	SLICE_X8Y164/D1
odocrypt_gpio_wrapper_inst.g_miner[0].miner_top_inst.miner.worker.crypt.crypter.round18.mid[1][89]	RAMB18_X0Y30/DOADO3	SLICE_X11Y162/C4
odocrypt_gpio_wrapper_inst.g_miner[0].miner_top_inst.miner.worker.crypt.crypter.round18.mid[1][89]	RAMB18_X0Y30/DOADO3	SLICE_X11Y171/B2
odocrypt_gpio_wrapper_inst.g_miner[0].miner_top_inst.miner.worker.crypt.crypter.round18.mid[1][93]	RAMB18_X0Y30/DOADO7	SLICE_X11Y166/C6
odocrypt_gpio_wrapper_inst.g_miner[0].miner_top_inst.miner.worker.crypt.crypter.round18.mid[1][9]	RAMB18_X0Y12/DOBDO3	SLICE_X11Y165/B5
odocrypt_gpio_wrapper_inst.g_miner[0].miner_top_inst.miner.worker.crypt.crypter.round19.mid[1][345]	RAMB18_X0Y38/DOADO3	SLICE_X10Y210/D1
odocrypt_gpio_wrapper_inst.g_miner[0].miner_top_inst.miner.worker.crypt.crypter.round19.mid[1][345]	RAMB18_X0Y38/DOADO3	SLICE_X12Y213/A6
odocrypt_gpio_wrapper_inst.g_miner[0].miner_top_inst.miner.worker.crypt.crypter.round19.mid[1][345]	RAMB18_X0Y38/DOADO3	SLICE_X16Y210/B4
odocrypt_gpio_wrapper_inst.g_miner[0].miner_top_inst.miner.worker.crypt.crypter.round19.mid[1][345]	RAMB18_X0Y38/DOADO3	SLICE_X6Y209/D3
odocrypt_gpio_wrapper_inst.g_miner[0].miner_top_inst.miner.worker.crypt.crypter.round19.mid[1][345]	RAMB18_X0Y38/DOADO3	SLICE_X7Y196/B2
odocrypt_gpio_wrapper_inst.g_miner[0].miner_top_inst.miner.worker.crypt.crypter.round19.mid[1][345]	RAMB18_X0Y38/DOADO3	SLICE_X7Y209/A1
odocrypt_gpio_wrapper_inst.g_miner[0].miner_top_inst.miner.worker.crypt.crypter.round19.mid[1][345]	RAMB18_X0Y38/DOADO3	SLICE_X8Y210/B4
odocrypt_gpio_wrapper_inst.g_miner[0].miner_top_inst.miner.worker.crypt.crypter.round2.mid[1][217]	RAMB18_X5Y42/DOADO3	SLICE_X82Y233/A6
odocrypt_gpio_wrapper_inst.g_miner[0].miner_top_inst.miner.worker.crypt.crypter.round2.mid[1][70]	RAMB18_X5Y37/DOBDO0	SLICE_X85Y232/C1
odocrypt_gpio_wrapper_inst.g_miner[0].miner_top_inst.miner.worker.crypt.crypter.round3.mid[1][122]	RAMB18_X6Y50/DOADO4	SLICE_X87Y230/D2
odocrypt_gpio_wrapper_inst.g_miner[0].miner_top_inst.miner.worker.crypt.crypter.round3.mid[1][202]	RAMB18_X4Y82/DOBDO4	SLICE_X89Y235/C5
odocrypt_gpio_wrapper_inst.g_miner[0].miner_top_inst.miner.worker.crypt.crypter.round3.mid[1][605]	RAMB18_X4Y70/DOADO7	SLICE_X87Y233/C3
odocrypt_gpio_wrapper_inst.g_miner[0].miner_top_inst.miner.worker.crypt.crypter.round3.mid[1][605]	RAMB18_X4Y70/DOADO7	SLICE_X87Y233/D2
odocrypt_gpio_wrapper_inst.g_miner[0].miner_top_inst.miner.worker.crypt.crypter.round5.mid[1][487]	RAMB18_X4Y125/DOBDO1	SLICE_X70Y257/C4
odocrypt_gpio_wrapper_inst.g_miner[0].miner_top_inst.miner.worker.crypt.crypter.round6.mid[1][109]	RAMB18_X4Y116/DOBDO7	SLICE_X66Y256/D6
odocrypt_gpio_wrapper_inst.g_miner[0].miner_top_inst.miner.worker.crypt.crypter.round6.mid[1][504]	RAMB18_X4Y128/DOADO2	SLICE_X68Y251/A4
odocrypt_gpio_wrapper_inst.g_miner[0].miner_top_inst.miner.worker.crypt.crypter.round6.mid[1][585]	RAMB18_X4Y131/DOBDO3	SLICE_X65Y250/C2
odocrypt_gpio_wrapper_inst.g_miner[0].miner_top_inst.miner.worker.crypt.crypter.round7.mid[1][376]	RAMB18_X3Y109/DOADO2	SLICE_X68Y237/C4
odocrypt_gpio_wrapper_inst.g_miner[0].miner_top_inst.miner.worker.crypt.crypter.round7.mid[1][455]	RAMB18_X3Y119/DOBDO1	SLICE_X66Y228/B4
odocrypt_gpio_wrapper_inst.g_miner[0].miner_top_inst.miner.worker.crypt.crypter.round7.mid[1][490]	RAMB18_X3Y116/DOBDO4	SLICE_X69Y231/D4
odocrypt_gpio_wrapper_inst.g_miner[0].miner_top_inst.miner.worker.crypt.crypter.round7.mid[1][583]	RAMB18_X3Y99/DOBDO1	SLICE_X63Y228/C6
odocrypt_gpio_wrapper_inst.g_miner[0].miner_top_inst.miner.worker.crypt.crypter.round8.mid[1][220]	RAMB18_X2Y134/DOADO6	SLICE_X57Y226/D2
odocrypt_gpio_wrapper_inst.g_miner[0].miner_top_inst.miner.worker.crypt.crypter.round8.mid[1][394]	RAMB18_X3Y76/DOBDO4	SLICE_X59Y233/D4
odocrypt_gpio_wrapper_inst.g_miner[0].miner_top_inst.miner.worker.crypt.crypter.state[18][330]	SLICE_X20Y197/DQ	SLICE_X11Y153/A1
odocrypt_gpio_wrapper_inst.g_miner[0].miner_top_inst.miner.worker.crypt.crypter.state[18][330]	SLICE_X20Y197/DQ	SLICE_X11Y153/B6
